{"cameraMode":{"drawMode":0,"name":"Shaded","section":"Shading Mode"},"sceneLighting":true,"audioPlay":false,"sceneViewState":{"m_AlwaysRefresh":false,"showFog":true,"showSkybox":true,"showFlares":true,"showImageEffects":true,"showParticleSystems":true,"showVisualEffectGraphs":true,"m_FxEnabled":true},"in2DMode":false,"pivot":{"x":3.834209680557251,"y":3.893329381942749,"z":-4.375810623168945},"rotation":{"x":-0.14202041923999787,"y":-0.06469089537858963,"z":0.009301889687776566,"w":-0.9877049922943115},"size":0.030128685757517816,"orthographic":false}