{"cameraMode":{"drawMode":0,"name":"Shaded","section":"Shading Mode"},"sceneLighting":true,"audioPlay":false,"sceneViewState":{"m_AlwaysRefresh":false,"showFog":true,"showSkybox":true,"showFlares":true,"showImageEffects":true,"showParticleSystems":true,"showVisualEffectGraphs":true,"m_FxEnabled":true},"in2DMode":false,"pivot":{"x":1.2307974100112916,"y":2.0023300647735597,"z":-1.2813947200775147},"rotation":{"x":0.035343144088983539,"y":0.5295367240905762,"z":0.02208942361176014,"w":-0.8472628593444824},"size":1.2938660383224488,"orthographic":false}