{"cameraMode":{"drawMode":0,"name":"Shaded","section":"Shading Mode"},"sceneLighting":true,"audioPlay":false,"sceneViewState":{"m_AlwaysRefresh":false,"showFog":true,"showSkybox":true,"showFlares":true,"showImageEffects":true,"showParticleSystems":true,"showVisualEffectGraphs":true,"m_FxEnabled":true},"in2DMode":false,"pivot":{"x":8.878681182861329,"y":3.9664111137390138,"z":2.009049415588379},"rotation":{"x":-0.1199677437543869,"y":-0.029186177998781205,"z":0.0035284210462123157,"w":-0.9923429489135742},"size":5.765465259552002,"orthographic":false}