{"cameraMode":{"drawMode":0,"name":"Shaded","section":"Shading Mode"},"sceneLighting":true,"audioPlay":false,"sceneViewState":{"m_AlwaysRefresh":false,"showFog":true,"showSkybox":true,"showFlares":true,"showImageEffects":true,"showParticleSystems":true,"showVisualEffectGraphs":true,"m_FxEnabled":true},"in2DMode":false,"pivot":{"x":0.3066279888153076,"y":2.348972797393799,"z":-1.3460575342178345},"rotation":{"x":-0.025794541463255883,"y":0.5246587991714478,"z":-0.01590707153081894,"w":-0.8507733345031738},"size":2.6197032928466799,"orthographic":false}