{"cameraMode":{"drawMode":0,"name":"Shaded","section":"Shading Mode"},"sceneLighting":true,"audioPlay":false,"sceneViewState":{"m_AlwaysRefresh":false,"showFog":true,"showSkybox":true,"showFlares":true,"showImageEffects":true,"showParticleSystems":true,"showVisualEffectGraphs":true,"m_FxEnabled":true},"in2DMode":false,"pivot":{"x":5.402221202850342,"y":2.719325304031372,"z":0.8752593994140625},"rotation":{"x":-0.006298516411334276,"y":0.05906154587864876,"z":-0.0003726197755895555,"w":-0.9982343912124634},"size":6.900737762451172,"orthographic":false}