{"cameraMode":{"drawMode":0,"name":"Shaded","section":"Shading Mode"},"sceneLighting":true,"audioPlay":false,"sceneViewState":{"m_AlwaysRefresh":false,"showFog":true,"showSkybox":true,"showFlares":true,"showImageEffects":true,"showParticleSystems":true,"showVisualEffectGraphs":true,"m_FxEnabled":true},"in2DMode":false,"pivot":{"x":3.106569290161133,"y":0.5724244713783264,"z":9.254493713378907},"rotation":{"x":-0.09905657917261124,"y":0.04237484186887741,"z":-0.004222111310809851,"w":-0.994170606136322},"size":7.1444807052612309,"orthographic":false}