{"cameraMode":{"drawMode":0,"name":"Shaded","section":"Shading Mode"},"sceneLighting":true,"audioPlay":false,"sceneViewState":{"m_AlwaysRefresh":false,"showFog":true,"showSkybox":true,"showFlares":true,"showImageEffects":true,"showParticleSystems":true,"showVisualEffectGraphs":true,"m_FxEnabled":true},"in2DMode":false,"pivot":{"x":4.94321346282959,"y":3.7174758911132814,"z":5.401515960693359},"rotation":{"x":-0.02297157421708107,"y":-0.22900334000587464,"z":-0.0054063317365944389,"w":0.9731974601745606},"size":6.481820583343506,"orthographic":false}