{"cameraMode":{"drawMode":0,"name":"Shaded","section":"Shading Mode"},"sceneLighting":true,"audioPlay":false,"sceneViewState":{"m_AlwaysRefresh":false,"showFog":true,"showSkybox":true,"showFlares":true,"showImageEffects":true,"showParticleSystems":true,"showVisualEffectGraphs":true,"m_FxEnabled":true},"in2DMode":false,"pivot":{"x":4.025594711303711,"y":0.9552605152130127,"z":-0.6238903999328613},"rotation":{"x":-0.1854829639196396,"y":0.11233595758676529,"z":-0.021349294111132623,"w":-0.9759722948074341},"size":4.714015007019043,"orthographic":false}