{"cameraMode":{"drawMode":0,"name":"Shaded","section":"Shading Mode"},"sceneLighting":true,"audioPlay":false,"sceneViewState":{"m_AlwaysRefresh":false,"showFog":true,"showSkybox":true,"showFlares":true,"showImageEffects":true,"showParticleSystems":true,"showVisualEffectGraphs":true,"m_FxEnabled":true},"in2DMode":false,"pivot":{"x":4.552521705627441,"y":3.6597814559936525,"z":-1.8189560174942017},"rotation":{"x":0.11017381399869919,"y":0.0059626344591379169,"z":-0.000665965722873807,"w":0.9939089417457581},"size":2.8892505168914797,"orthographic":false}